[{
    "id": 1,
    "first_name": "Hetty",
    "last_name": "Dymocke",
    "email": "hdymocke0@nyu.edu",
    "gender": "Male",
    "ip_address": "239.134.102.221"
  }, {
    "id": 2,
    "first_name": "Cristina",
    "last_name": "Muriel",
    "email": "cmuriel1@state.gov",
    "gender": "Female",
    "ip_address": "214.139.173.226"
  }, {
    "id": 3,
    "first_name": "Marven",
    "last_name": "Jeaffreson",
    "email": "mjeaffreson2@comcast.net",
    "gender": "Male",
    "ip_address": "44.8.89.253"
  }, {
    "id": 4,
    "first_name": "Helga",
    "last_name": "Fine",
    "email": "hfine3@ebay.com",
    "gender": "Male",
    "ip_address": "212.7.77.81"
  }, {
    "id": 5,
    "first_name": "Blakeley",
    "last_name": "Lovick",
    "email": "blovick4@mlb.com",
    "gender": "Female",
    "ip_address": "56.176.35.164"
  }, {
    "id": 6,
    "first_name": "Francis",
    "last_name": "Strutton",
    "email": "fstrutton5@ifeng.com",
    "gender": "Male",
    "ip_address": "98.114.74.186"
  }, {
    "id": 7,
    "first_name": "Midge",
    "last_name": "Bouda",
    "email": "mbouda6@macromedia.com",
    "gender": "Male",
    "ip_address": "67.180.164.138"
  }, {
    "id": 8,
    "first_name": "Minette",
    "last_name": "Boakes",
    "email": "mboakes7@google.fr",
    "gender": "Female",
    "ip_address": "199.212.77.127"
  }, {
    "id": 9,
    "first_name": "Laurice",
    "last_name": "Stille",
    "email": "lstille8@webnode.com",
    "gender": "Female",
    "ip_address": "191.180.14.94"
  }, {
    "id": 10,
    "first_name": "Audy",
    "last_name": "Dore",
    "email": "adore9@squarespace.com",
    "gender": "Female",
    "ip_address": "207.43.61.187"
  }, {
    "id": 11,
    "first_name": "Arlene",
    "last_name": "Pape",
    "email": "apapea@latimes.com",
    "gender": "Female",
    "ip_address": "182.102.89.66"
  }, {
    "id": 12,
    "first_name": "Marice",
    "last_name": "Wanklyn",
    "email": "mwanklynb@t.co",
    "gender": "Agender",
    "ip_address": "8.4.185.84"
  }, {
    "id": 13,
    "first_name": "Celestia",
    "last_name": "Antognazzi",
    "email": "cantognazzic@independent.co.uk",
    "gender": "Female",
    "ip_address": "148.116.39.201"
  }, {
    "id": 14,
    "first_name": "Tan",
    "last_name": "Behnecken",
    "email": "tbehneckend@delicious.com",
    "gender": "Male",
    "ip_address": "109.140.55.29"
  }, {
    "id": 15,
    "first_name": "Hester",
    "last_name": "Late",
    "email": "hlatee@w3.org",
    "gender": "Male",
    "ip_address": "2.146.163.199"
  }, {
    "id": 16,
    "first_name": "Taddeo",
    "last_name": "Wilcox",
    "email": "twilcoxf@tiny.cc",
    "gender": "Female",
    "ip_address": "10.39.118.228"
  }, {
    "id": 17,
    "first_name": "Tiebold",
    "last_name": "Janaway",
    "email": "tjanawayg@vk.com",
    "gender": "Female",
    "ip_address": "44.135.141.104"
  }, {
    "id": 18,
    "first_name": "Israel",
    "last_name": "Ricciardo",
    "email": "iricciardoh@theguardian.com",
    "gender": "Female",
    "ip_address": "23.11.44.230"
  }, {
    "id": 19,
    "first_name": "Florida",
    "last_name": "Scotchbourouge",
    "email": "fscotchbourougei@godaddy.com",
    "gender": "Female",
    "ip_address": "146.1.102.197"
  }, {
    "id": 20,
    "first_name": "Dottie",
    "last_name": "Gunner",
    "email": "dgunnerj@istockphoto.com",
    "gender": "Male",
    "ip_address": "130.117.216.123"
  }]